city,avg_temp,female_percent
Eureka,87.51,50.0
Panama City,87.055,50.0
Hialeah,87.005,53.333333333333336
Flora,86.785,50.0
Palm Beach,86.56,66.66666666666667
Jupiter,86.55000000000001,100.0
Jackson,86.485,100.0
Laurel,86.47,50.0
Florence,86.28,55.0
Calhoun,86.27,100.0
