city,avg_temp,female_percent
Scottsdale,90.185,100.0
Mesa,89.93,57.142857142857146
Thermal,89.78,100.0
Lake Havasu City,87.025,50.0
Pflugerville,81.625,100.0
San Antonio,81.30000000000001,51.21951219512195
Honolulu,80.88,80.0
Seabrook,80.325,100.0
Cypress,80.27000000000001,53.84615384615385
Pearland,80.25,50.0
